닉네임,url
픎하,https://gall.dcinside.com//mgallery/board/view/?id=idolsy&no=338216&search_pos=-349984&s_type=search_subject_memo&s_keyword=.5B.EC.85.98.EB.AC.B4.EC.A7.84&page=5
빈칸,https://gall.dcinside.com//mgallery/board/view/?id=idolsy&no=337919&search_pos=-349984&s_type=search_subject_memo&s_keyword=.5B.EC.85.98.EB.AC.B4.EC.A7.84&page=5
빈칸,https://gall.dcinside.com//mgallery/board/view/?id=idolsy&no=337913&search_pos=-349984&s_type=search_subject_memo&s_keyword=.5B.EC.85.98.EB.AC.B4.EC.A7.84&page=5
빈칸,https://gall.dcinside.com//mgallery/board/view/?id=idolsy&no=337812&search_pos=-349984&s_type=search_subject_memo&s_keyword=.5B.EC.85.98.EB.AC.B4.EC.A7.84&page=5
픎하,https://gall.dcinside.com//mgallery/board/view/?id=idolsy&no=337809&search_pos=-349984&s_type=search_subject_memo&s_keyword=.5B.EC.85.98.EB.AC.B4.EC.A7.84&page=5
빈칸,https://gall.dcinside.com//mgallery/board/view/?id=idolsy&no=337782&search_pos=-349984&s_type=search_subject_memo&s_keyword=.5B.EC.85.98.EB.AC.B4.EC.A7.84&page=5
빈칸,https://gall.dcinside.com//mgallery/board/view/?id=idolsy&no=337760&search_pos=-349984&s_type=search_subject_memo&s_keyword=.5B.EC.85.98.EB.AC.B4.EC.A7.84&page=5
픎하,https://gall.dcinside.com//mgallery/board/view/?id=idolsy&no=337746&search_pos=-349984&s_type=search_subject_memo&s_keyword=.5B.EC.85.98.EB.AC.B4.EC.A7.84&page=5
빈칸,https://gall.dcinside.com//mgallery/board/view/?id=idolsy&no=337702&search_pos=-349984&s_type=search_subject_memo&s_keyword=.5B.EC.85.98.EB.AC.B4.EC.A7.84&page=5
빈칸,https://gall.dcinside.com//mgallery/board/view/?id=idolsy&no=337695&search_pos=-349984&s_type=search_subject_memo&s_keyword=.5B.EC.85.98.EB.AC.B4.EC.A7.84&page=5
빈칸,https://gall.dcinside.com//mgallery/board/view/?id=idolsy&no=337693&search_pos=-349984&s_type=search_subject_memo&s_keyword=.5B.EC.85.98.EB.AC.B4.EC.A7.84&page=5
픎하,https://gall.dcinside.com//mgallery/board/view/?id=idolsy&no=337633&search_pos=-349984&s_type=search_subject_memo&s_keyword=.5B.EC.85.98.EB.AC.B4.EC.A7.84&page=5
픎하,https://gall.dcinside.com//mgallery/board/view/?id=idolsy&no=337632&search_pos=-349984&s_type=search_subject_memo&s_keyword=.5B.EC.85.98.EB.AC.B4.EC.A7.84&page=5
픎하,https://gall.dcinside.com//mgallery/board/view/?id=idolsy&no=337562&search_pos=-349984&s_type=search_subject_memo&s_keyword=.5B.EC.85.98.EB.AC.B4.EC.A7.84&page=5
픎하,https://gall.dcinside.com//mgallery/board/view/?id=idolsy&no=337556&search_pos=-349984&s_type=search_subject_memo&s_keyword=.5B.EC.85.98.EB.AC.B4.EC.A7.84&page=5
픎하,https://gall.dcinside.com//mgallery/board/view/?id=idolsy&no=337555&search_pos=-349984&s_type=search_subject_memo&s_keyword=.5B.EC.85.98.EB.AC.B4.EC.A7.84&page=5
9_log,https://gall.dcinside.com//mgallery/board/view/?id=idolsy&no=337542&search_pos=-349984&s_type=search_subject_memo&s_keyword=.5B.EC.85.98.EB.AC.B4.EC.A7.84&page=5
9_log,https://gall.dcinside.com//mgallery/board/view/?id=idolsy&no=337540&search_pos=-349984&s_type=search_subject_memo&s_keyword=.5B.EC.85.98.EB.AC.B4.EC.A7.84&page=5
픎하,https://gall.dcinside.com//mgallery/board/view/?id=idolsy&no=337234&search_pos=-349984&s_type=search_subject_memo&s_keyword=.5B.EC.85.98.EB.AC.B4.EC.A7.84&page=5
픎하,https://gall.dcinside.com//mgallery/board/view/?id=idolsy&no=337222&search_pos=-349984&s_type=search_subject_memo&s_keyword=.5B.EC.85.98.EB.AC.B4.EC.A7.84&page=5
빈칸,https://gall.dcinside.com//mgallery/board/view/?id=idolsy&no=336481&search_pos=-349984&s_type=search_subject_memo&s_keyword=.5B.EC.85.98.EB.AC.B4.EC.A7.84&page=7
빈칸,https://gall.dcinside.com//mgallery/board/view/?id=idolsy&no=336480&search_pos=-349984&s_type=search_subject_memo&s_keyword=.5B.EC.85.98.EB.AC.B4.EC.A7.84&page=7
빈칸,https://gall.dcinside.com//mgallery/board/view/?id=idolsy&no=336479&search_pos=-349984&s_type=search_subject_memo&s_keyword=.5B.EC.85.98.EB.AC.B4.EC.A7.84&page=7
빈칸,https://gall.dcinside.com//mgallery/board/view/?id=idolsy&no=336478&search_pos=-349984&s_type=search_subject_memo&s_keyword=.5B.EC.85.98.EB.AC.B4.EC.A7.84&page=7
flover0416,https://gall.dcinside.com//mgallery/board/view/?id=idolsy&no=336445&search_pos=-349984&s_type=search_subject_memo&s_keyword=.5B.EC.85.98.EB.AC.B4.EC.A7.84&page=7
픎하,https://gall.dcinside.com//mgallery/board/view/?id=idolsy&no=336402&search_pos=-349984&s_type=search_subject_memo&s_keyword=.5B.EC.85.98.EB.AC.B4.EC.A7.84&page=7
픎하,https://gall.dcinside.com//mgallery/board/view/?id=idolsy&no=336337&search_pos=-349984&s_type=search_subject_memo&s_keyword=.5B.EC.85.98.EB.AC.B4.EC.A7.84&page=7
빈칸,https://gall.dcinside.com//mgallery/board/view/?id=idolsy&no=336297&search_pos=-349984&s_type=search_subject_memo&s_keyword=.5B.EC.85.98.EB.AC.B4.EC.A7.84&page=7
빈칸,https://gall.dcinside.com//mgallery/board/view/?id=idolsy&no=336296&search_pos=-349984&s_type=search_subject_memo&s_keyword=.5B.EC.85.98.EB.AC.B4.EC.A7.84&page=7
빈칸,https://gall.dcinside.com//mgallery/board/view/?id=idolsy&no=336295&search_pos=-349984&s_type=search_subject_memo&s_keyword=.5B.EC.85.98.EB.AC.B4.EC.A7.84&page=7
flover0416,https://gall.dcinside.com//mgallery/board/view/?id=idolsy&no=336257&search_pos=-349984&s_type=search_subject_memo&s_keyword=.5B.EC.85.98.EB.AC.B4.EC.A7.84&page=7
빈칸,https://gall.dcinside.com//mgallery/board/view/?id=idolsy&no=336246&search_pos=-349984&s_type=search_subject_memo&s_keyword=.5B.EC.85.98.EB.AC.B4.EC.A7.84&page=7
빈칸,https://gall.dcinside.com//mgallery/board/view/?id=idolsy&no=336244&search_pos=-349984&s_type=search_subject_memo&s_keyword=.5B.EC.85.98.EB.AC.B4.EC.A7.84&page=7
빈칸,https://gall.dcinside.com//mgallery/board/view/?id=idolsy&no=336243&search_pos=-349984&s_type=search_subject_memo&s_keyword=.5B.EC.85.98.EB.AC.B4.EC.A7.84&page=7
빈칸,https://gall.dcinside.com//mgallery/board/view/?id=idolsy&no=336242&search_pos=-349984&s_type=search_subject_memo&s_keyword=.5B.EC.85.98.EB.AC.B4.EC.A7.84&page=7
빈칸,https://gall.dcinside.com//mgallery/board/view/?id=idolsy&no=336241&search_pos=-349984&s_type=search_subject_memo&s_keyword=.5B.EC.85.98.EB.AC.B4.EC.A7.84&page=7
빈칸,https://gall.dcinside.com//mgallery/board/view/?id=idolsy&no=336240&search_pos=-349984&s_type=search_subject_memo&s_keyword=.5B.EC.85.98.EB.AC.B4.EC.A7.84&page=7
빈칸,https://gall.dcinside.com//mgallery/board/view/?id=idolsy&no=336135&search_pos=-349984&s_type=search_subject_memo&s_keyword=.5B.EC.85.98.EB.AC.B4.EC.A7.84&page=7
빈칸,https://gall.dcinside.com//mgallery/board/view/?id=idolsy&no=336134&search_pos=-349984&s_type=search_subject_memo&s_keyword=.5B.EC.85.98.EB.AC.B4.EC.A7.84&page=7
빈칸,https://gall.dcinside.com//mgallery/board/view/?id=idolsy&no=336133&search_pos=-349984&s_type=search_subject_memo&s_keyword=.5B.EC.85.98.EB.AC.B4.EC.A7.84&page=7
빈칸,https://gall.dcinside.com//mgallery/board/view/?id=idolsy&no=336132&search_pos=-349984&s_type=search_subject_memo&s_keyword=.5B.EC.85.98.EB.AC.B4.EC.A7.84&page=8
빈칸,https://gall.dcinside.com//mgallery/board/view/?id=idolsy&no=336100&search_pos=-349984&s_type=search_subject_memo&s_keyword=.5B.EC.85.98.EB.AC.B4.EC.A7.84&page=8
빈칸,https://gall.dcinside.com//mgallery/board/view/?id=idolsy&no=336099&search_pos=-349984&s_type=search_subject_memo&s_keyword=.5B.EC.85.98.EB.AC.B4.EC.A7.84&page=8
빈칸,https://gall.dcinside.com//mgallery/board/view/?id=idolsy&no=336098&search_pos=-349984&s_type=search_subject_memo&s_keyword=.5B.EC.85.98.EB.AC.B4.EC.A7.84&page=8
빈칸,https://gall.dcinside.com//mgallery/board/view/?id=idolsy&no=336097&search_pos=-349984&s_type=search_subject_memo&s_keyword=.5B.EC.85.98.EB.AC.B4.EC.A7.84&page=8
빈칸,https://gall.dcinside.com//mgallery/board/view/?id=idolsy&no=336096&search_pos=-349984&s_type=search_subject_memo&s_keyword=.5B.EC.85.98.EB.AC.B4.EC.A7.84&page=8
우리의내일에또만나자,https://gall.dcinside.com//mgallery/board/view/?id=idolsy&no=336093&search_pos=-349984&s_type=search_subject_memo&s_keyword=.5B.EC.85.98.EB.AC.B4.EC.A7.84&page=8
픎하,https://gall.dcinside.com//mgallery/board/view/?id=idolsy&no=336081&search_pos=-349984&s_type=search_subject_memo&s_keyword=.5B.EC.85.98.EB.AC.B4.EC.A7.84&page=8
flover0416,https://gall.dcinside.com//mgallery/board/view/?id=idolsy&no=336080&search_pos=-349984&s_type=search_subject_memo&s_keyword=.5B.EC.85.98.EB.AC.B4.EC.A7.84&page=8
픎하,https://gall.dcinside.com//mgallery/board/view/?id=idolsy&no=336052&search_pos=-349984&s_type=search_subject_memo&s_keyword=.5B.EC.85.98.EB.AC.B4.EC.A7.84&page=8
띠끼따띸땈,https://gall.dcinside.com//mgallery/board/view/?id=idolsy&no=336051&search_pos=-349984&s_type=search_subject_memo&s_keyword=.5B.EC.85.98.EB.AC.B4.EC.A7.84&page=8
flover0416,https://gall.dcinside.com//mgallery/board/view/?id=idolsy&no=336050&search_pos=-349984&s_type=search_subject_memo&s_keyword=.5B.EC.85.98.EB.AC.B4.EC.A7.84&page=8
우리의내일에또만나자,https://gall.dcinside.com//mgallery/board/view/?id=idolsy&no=336035&search_pos=-349984&s_type=search_subject_memo&s_keyword=.5B.EC.85.98.EB.AC.B4.EC.A7.84&page=8
져니거니,https://gall.dcinside.com//mgallery/board/view/?id=idolsy&no=336019&search_pos=-349984&s_type=search_subject_memo&s_keyword=.5B.EC.85.98.EB.AC.B4.EC.A7.84&page=8
웨더연,https://gall.dcinside.com//mgallery/board/view/?id=idolsy&no=336016&search_pos=-349984&s_type=search_subject_memo&s_keyword=.5B.EC.85.98.EB.AC.B4.EC.A7.84&page=8
픎하,https://gall.dcinside.com//mgallery/board/view/?id=idolsy&no=336013&search_pos=-349984&s_type=search_subject_memo&s_keyword=.5B.EC.85.98.EB.AC.B4.EC.A7.84&page=8
9_log,https://gall.dcinside.com//mgallery/board/view/?id=idolsy&no=335991&search_pos=-349984&s_type=search_subject_memo&s_keyword=.5B.EC.85.98.EB.AC.B4.EC.A7.84&page=8
롬스웩,https://gall.dcinside.com//mgallery/board/view/?id=idolsy&no=335976&search_pos=-349984&s_type=search_subject_memo&s_keyword=.5B.EC.85.98.EB.AC.B4.EC.A7.84&page=8
픎하,https://gall.dcinside.com//mgallery/board/view/?id=idolsy&no=335819&search_pos=-349984&s_type=search_subject_memo&s_keyword=.5B.EC.85.98.EB.AC.B4.EC.A7.84&page=8
빈칸,https://gall.dcinside.com//mgallery/board/view/?id=idolsy&no=335724&search_pos=-349984&s_type=search_subject_memo&s_keyword=.5B.EC.85.98.EB.AC.B4.EC.A7.84&page=8
빈칸,https://gall.dcinside.com//mgallery/board/view/?id=idolsy&no=335722&search_pos=-349984&s_type=search_subject_memo&s_keyword=.5B.EC.85.98.EB.AC.B4.EC.A7.84&page=9
빈칸,https://gall.dcinside.com//mgallery/board/view/?id=idolsy&no=335721&search_pos=-349984&s_type=search_subject_memo&s_keyword=.5B.EC.85.98.EB.AC.B4.EC.A7.84&page=9
빈칸,https://gall.dcinside.com//mgallery/board/view/?id=idolsy&no=335720&search_pos=-349984&s_type=search_subject_memo&s_keyword=.5B.EC.85.98.EB.AC.B4.EC.A7.84&page=9
빈칸,https://gall.dcinside.com//mgallery/board/view/?id=idolsy&no=335719&search_pos=-349984&s_type=search_subject_memo&s_keyword=.5B.EC.85.98.EB.AC.B4.EC.A7.84&page=9
빈칸,https://gall.dcinside.com//mgallery/board/view/?id=idolsy&no=335718&search_pos=-349984&s_type=search_subject_memo&s_keyword=.5B.EC.85.98.EB.AC.B4.EC.A7.84&page=9
구로미들,https://gall.dcinside.com//mgallery/board/view/?id=idolsy&no=335636&search_pos=-349984&s_type=search_subject_memo&s_keyword=.5B.EC.85.98.EB.AC.B4.EC.A7.84&page=9
져니거니,https://gall.dcinside.com//mgallery/board/view/?id=idolsy&no=335635&search_pos=-349984&s_type=search_subject_memo&s_keyword=.5B.EC.85.98.EB.AC.B4.EC.A7.84&page=9
픎하,https://gall.dcinside.com//mgallery/board/view/?id=idolsy&no=335633&search_pos=-349984&s_type=search_subject_memo&s_keyword=.5B.EC.85.98.EB.AC.B4.EC.A7.84&page=9
빈칸,https://gall.dcinside.com//mgallery/board/view/?id=idolsy&no=335631&search_pos=-349984&s_type=search_subject_memo&s_keyword=.5B.EC.85.98.EB.AC.B4.EC.A7.84&page=9
빈칸,https://gall.dcinside.com//mgallery/board/view/?id=idolsy&no=335630&search_pos=-349984&s_type=search_subject_memo&s_keyword=.5B.EC.85.98.EB.AC.B4.EC.A7.84&page=9
빈칸,https://gall.dcinside.com//mgallery/board/view/?id=idolsy&no=335629&search_pos=-349984&s_type=search_subject_memo&s_keyword=.5B.EC.85.98.EB.AC.B4.EC.A7.84&page=9
빈칸,https://gall.dcinside.com//mgallery/board/view/?id=idolsy&no=335628&search_pos=-349984&s_type=search_subject_memo&s_keyword=.5B.EC.85.98.EB.AC.B4.EC.A7.84&page=9
픎하,https://gall.dcinside.com//mgallery/board/view/?id=idolsy&no=335619&search_pos=-349984&s_type=search_subject_memo&s_keyword=.5B.EC.85.98.EB.AC.B4.EC.A7.84&page=9
우리의내일에또만나자,https://gall.dcinside.com//mgallery/board/view/?id=idolsy&no=335615&search_pos=-349984&s_type=search_subject_memo&s_keyword=.5B.EC.85.98.EB.AC.B4.EC.A7.84&page=9
져니거니,https://gall.dcinside.com//mgallery/board/view/?id=idolsy&no=335540&search_pos=-349984&s_type=search_subject_memo&s_keyword=.5B.EC.85.98.EB.AC.B4.EC.A7.84&page=9
나꼬세요,https://gall.dcinside.com//mgallery/board/view/?id=idolsy&no=335516&search_pos=-349984&s_type=search_subject_memo&s_keyword=.5B.EC.85.98.EB.AC.B4.EC.A7.84&page=9
9_log,https://gall.dcinside.com//mgallery/board/view/?id=idolsy&no=338801&search_pos=-349984&s_type=search_subject_memo&s_keyword=.5B.EC.85.98.EB.AC.B4.EC.A7.84&page=4
빈칸,https://gall.dcinside.com//mgallery/board/view/?id=idolsy&no=338795&search_pos=-349984&s_type=search_subject_memo&s_keyword=.5B.EC.85.98.EB.AC.B4.EC.A7.84&page=4
우리의내일에또만나자,https://gall.dcinside.com//mgallery/board/view/?id=idolsy&no=338763&search_pos=-349984&s_type=search_subject_memo&s_keyword=.5B.EC.85.98.EB.AC.B4.EC.A7.84&page=4
빈칸,https://gall.dcinside.com//mgallery/board/view/?id=idolsy&no=338745&search_pos=-349984&s_type=search_subject_memo&s_keyword=.5B.EC.85.98.EB.AC.B4.EC.A7.84&page=4
빈칸,https://gall.dcinside.com//mgallery/board/view/?id=idolsy&no=338730&search_pos=-349984&s_type=search_subject_memo&s_keyword=.5B.EC.85.98.EB.AC.B4.EC.A7.84&page=4
빈칸,https://gall.dcinside.com//mgallery/board/view/?id=idolsy&no=338721&search_pos=-349984&s_type=search_subject_memo&s_keyword=.5B.EC.85.98.EB.AC.B4.EC.A7.84&page=4
빈칸,https://gall.dcinside.com//mgallery/board/view/?id=idolsy&no=338708&search_pos=-349984&s_type=search_subject_memo&s_keyword=.5B.EC.85.98.EB.AC.B4.EC.A7.84&page=4
빈칸,https://gall.dcinside.com//mgallery/board/view/?id=idolsy&no=338635&search_pos=-349984&s_type=search_subject_memo&s_keyword=.5B.EC.85.98.EB.AC.B4.EC.A7.84&page=4
빈칸,https://gall.dcinside.com//mgallery/board/view/?id=idolsy&no=338628&search_pos=-349984&s_type=search_subject_memo&s_keyword=.5B.EC.85.98.EB.AC.B4.EC.A7.84&page=4
빈칸,https://gall.dcinside.com//mgallery/board/view/?id=idolsy&no=338622&search_pos=-349984&s_type=search_subject_memo&s_keyword=.5B.EC.85.98.EB.AC.B4.EC.A7.84&page=4
빈칸,https://gall.dcinside.com//mgallery/board/view/?id=idolsy&no=338613&search_pos=-349984&s_type=search_subject_memo&s_keyword=.5B.EC.85.98.EB.AC.B4.EC.A7.84&page=4
빈칸,https://gall.dcinside.com//mgallery/board/view/?id=idolsy&no=338610&search_pos=-349984&s_type=search_subject_memo&s_keyword=.5B.EC.85.98.EB.AC.B4.EC.A7.84&page=4
빈칸,https://gall.dcinside.com//mgallery/board/view/?id=idolsy&no=338409&search_pos=-349984&s_type=search_subject_memo&s_keyword=.5B.EC.85.98.EB.AC.B4.EC.A7.84&page=4
빈칸,https://gall.dcinside.com//mgallery/board/view/?id=idolsy&no=338386&search_pos=-349984&s_type=search_subject_memo&s_keyword=.5B.EC.85.98.EB.AC.B4.EC.A7.84&page=4
빈칸,https://gall.dcinside.com//mgallery/board/view/?id=idolsy&no=338336&search_pos=-349984&s_type=search_subject_memo&s_keyword=.5B.EC.85.98.EB.AC.B4.EC.A7.84&page=4
픎하,https://gall.dcinside.com//mgallery/board/view/?id=idolsy&no=338322&search_pos=-349984&s_type=search_subject_memo&s_keyword=.5B.EC.85.98.EB.AC.B4.EC.A7.84&page=4
빈칸,https://gall.dcinside.com//mgallery/board/view/?id=idolsy&no=338232&search_pos=-349984&s_type=search_subject_memo&s_keyword=.5B.EC.85.98.EB.AC.B4.EC.A7.84&page=4
빈칸,https://gall.dcinside.com//mgallery/board/view/?id=idolsy&no=338229&search_pos=-349984&s_type=search_subject_memo&s_keyword=.5B.EC.85.98.EB.AC.B4.EC.A7.84&page=4
빈칸,https://gall.dcinside.com//mgallery/board/view/?id=idolsy&no=338227&search_pos=-349984&s_type=search_subject_memo&s_keyword=.5B.EC.85.98.EB.AC.B4.EC.A7.84&page=4
빈칸,https://gall.dcinside.com//mgallery/board/view/?id=idolsy&no=338223&search_pos=-349984&s_type=search_subject_memo&s_keyword=.5B.EC.85.98.EB.AC.B4.EC.A7.84&page=4
픎하,https://gall.dcinside.com//mgallery/board/view/?id=idolsy&no=340356&search_pos=-349984&s_type=search_subject_memo&s_keyword=.5B.EC.85.98.EB.AC.B4.EC.A7.84&page=2
픎하,https://gall.dcinside.com//mgallery/board/view/?id=idolsy&no=340354&search_pos=-349984&s_type=search_subject_memo&s_keyword=.5B.EC.85.98.EB.AC.B4.EC.A7.84&page=2
픎하,https://gall.dcinside.com//mgallery/board/view/?id=idolsy&no=340351&search_pos=-349984&s_type=search_subject_memo&s_keyword=.5B.EC.85.98.EB.AC.B4.EC.A7.84&page=2
픎하,https://gall.dcinside.com//mgallery/board/view/?id=idolsy&no=340350&search_pos=-349984&s_type=search_subject_memo&s_keyword=.5B.EC.85.98.EB.AC.B4.EC.A7.84&page=2
픎하,https://gall.dcinside.com//mgallery/board/view/?id=idolsy&no=340323&search_pos=-349984&s_type=search_subject_memo&s_keyword=.5B.EC.85.98.EB.AC.B4.EC.A7.84&page=2
빈칸,https://gall.dcinside.com//mgallery/board/view/?id=idolsy&no=340305&search_pos=-349984&s_type=search_subject_memo&s_keyword=.5B.EC.85.98.EB.AC.B4.EC.A7.84&page=2
9_log,https://gall.dcinside.com//mgallery/board/view/?id=idolsy&no=340291&search_pos=-349984&s_type=search_subject_memo&s_keyword=.5B.EC.85.98.EB.AC.B4.EC.A7.84&page=2
빈칸,https://gall.dcinside.com//mgallery/board/view/?id=idolsy&no=340109&search_pos=-349984&s_type=search_subject_memo&s_keyword=.5B.EC.85.98.EB.AC.B4.EC.A7.84&page=2
빈칸,https://gall.dcinside.com//mgallery/board/view/?id=idolsy&no=340103&search_pos=-349984&s_type=search_subject_memo&s_keyword=.5B.EC.85.98.EB.AC.B4.EC.A7.84&page=2
빈칸,https://gall.dcinside.com//mgallery/board/view/?id=idolsy&no=340098&search_pos=-349984&s_type=search_subject_memo&s_keyword=.5B.EC.85.98.EB.AC.B4.EC.A7.84&page=2
빈칸,https://gall.dcinside.com//mgallery/board/view/?id=idolsy&no=340073&search_pos=-349984&s_type=search_subject_memo&s_keyword=.5B.EC.85.98.EB.AC.B4.EC.A7.84&page=2
빈칸,https://gall.dcinside.com//mgallery/board/view/?id=idolsy&no=340063&search_pos=-349984&s_type=search_subject_memo&s_keyword=.5B.EC.85.98.EB.AC.B4.EC.A7.84&page=2
빈칸,https://gall.dcinside.com//mgallery/board/view/?id=idolsy&no=340062&search_pos=-349984&s_type=search_subject_memo&s_keyword=.5B.EC.85.98.EB.AC.B4.EC.A7.84&page=2
빈칸,https://gall.dcinside.com//mgallery/board/view/?id=idolsy&no=340059&search_pos=-349984&s_type=search_subject_memo&s_keyword=.5B.EC.85.98.EB.AC.B4.EC.A7.84&page=2
빈칸,https://gall.dcinside.com//mgallery/board/view/?id=idolsy&no=340052&search_pos=-349984&s_type=search_subject_memo&s_keyword=.5B.EC.85.98.EB.AC.B4.EC.A7.84&page=2
flover0416,https://gall.dcinside.com//mgallery/board/view/?id=idolsy&no=339819&search_pos=-349984&s_type=search_subject_memo&s_keyword=.5B.EC.85.98.EB.AC.B4.EC.A7.84&page=2
9_log,https://gall.dcinside.com//mgallery/board/view/?id=idolsy&no=339813&search_pos=-349984&s_type=search_subject_memo&s_keyword=.5B.EC.85.98.EB.AC.B4.EC.A7.84&page=2
빈칸,https://gall.dcinside.com//mgallery/board/view/?id=idolsy&no=339799&search_pos=-349984&s_type=search_subject_memo&s_keyword=.5B.EC.85.98.EB.AC.B4.EC.A7.84&page=2
flover0416,https://gall.dcinside.com//mgallery/board/view/?id=idolsy&no=339782&search_pos=-349984&s_type=search_subject_memo&s_keyword=.5B.EC.85.98.EB.AC.B4.EC.A7.84&page=2
빈칸,https://gall.dcinside.com//mgallery/board/view/?id=idolsy&no=339778&search_pos=-349984&s_type=search_subject_memo&s_keyword=.5B.EC.85.98.EB.AC.B4.EC.A7.84&page=2
픎하,https://gall.dcinside.com//mgallery/board/view/?id=idolsy&no=340557&search_pos=-349984&s_type=search_subject_memo&s_keyword=.5B.EC.85.98.EB.AC.B4.EC.A7.84&page=1
픎하,https://gall.dcinside.com//mgallery/board/view/?id=idolsy&no=340547&search_pos=-349984&s_type=search_subject_memo&s_keyword=.5B.EC.85.98.EB.AC.B4.EC.A7.84&page=1
픎하,https://gall.dcinside.com//mgallery/board/view/?id=idolsy&no=340546&search_pos=-349984&s_type=search_subject_memo&s_keyword=.5B.EC.85.98.EB.AC.B4.EC.A7.84&page=1
픎하,https://gall.dcinside.com//mgallery/board/view/?id=idolsy&no=340545&search_pos=-349984&s_type=search_subject_memo&s_keyword=.5B.EC.85.98.EB.AC.B4.EC.A7.84&page=1
픎하,https://gall.dcinside.com//mgallery/board/view/?id=idolsy&no=340544&search_pos=-349984&s_type=search_subject_memo&s_keyword=.5B.EC.85.98.EB.AC.B4.EC.A7.84&page=1
픎하,https://gall.dcinside.com//mgallery/board/view/?id=idolsy&no=340543&search_pos=-349984&s_type=search_subject_memo&s_keyword=.5B.EC.85.98.EB.AC.B4.EC.A7.84&page=1
9_log,https://gall.dcinside.com//mgallery/board/view/?id=idolsy&no=340535&search_pos=-349984&s_type=search_subject_memo&s_keyword=.5B.EC.85.98.EB.AC.B4.EC.A7.84&page=1
빈칸,https://gall.dcinside.com//mgallery/board/view/?id=idolsy&no=340483&search_pos=-349984&s_type=search_subject_memo&s_keyword=.5B.EC.85.98.EB.AC.B4.EC.A7.84&page=1
빈칸,https://gall.dcinside.com//mgallery/board/view/?id=idolsy&no=340478&search_pos=-349984&s_type=search_subject_memo&s_keyword=.5B.EC.85.98.EB.AC.B4.EC.A7.84&page=1
셔니의유리구두,https://gall.dcinside.com//mgallery/board/view/?id=idolsy&no=335504&search_pos=-349984&s_type=search_subject_memo&s_keyword=.5B.EC.85.98.EB.AC.B4.EC.A7.84&page=1
빈칸,https://gall.dcinside.com//mgallery/board/view/?id=idolsy&no=340445&search_pos=-349984&s_type=search_subject_memo&s_keyword=.5B.EC.85.98.EB.AC.B4.EC.A7.84&page=1
빈칸,https://gall.dcinside.com//mgallery/board/view/?id=idolsy&no=340427&search_pos=-349984&s_type=search_subject_memo&s_keyword=.5B.EC.85.98.EB.AC.B4.EC.A7.84&page=1
빈칸,https://gall.dcinside.com//mgallery/board/view/?id=idolsy&no=340419&search_pos=-349984&s_type=search_subject_memo&s_keyword=.5B.EC.85.98.EB.AC.B4.EC.A7.84&page=1
빈칸,https://gall.dcinside.com//mgallery/board/view/?id=idolsy&no=340412&search_pos=-349984&s_type=search_subject_memo&s_keyword=.5B.EC.85.98.EB.AC.B4.EC.A7.84&page=1
빈칸,https://gall.dcinside.com//mgallery/board/view/?id=idolsy&no=340383&search_pos=-349984&s_type=search_subject_memo&s_keyword=.5B.EC.85.98.EB.AC.B4.EC.A7.84&page=1
빈칸,https://gall.dcinside.com//mgallery/board/view/?id=idolsy&no=340379&search_pos=-349984&s_type=search_subject_memo&s_keyword=.5B.EC.85.98.EB.AC.B4.EC.A7.84&page=1
빈칸,https://gall.dcinside.com//mgallery/board/view/?id=idolsy&no=340377&search_pos=-349984&s_type=search_subject_memo&s_keyword=.5B.EC.85.98.EB.AC.B4.EC.A7.84&page=1
빈칸,https://gall.dcinside.com//mgallery/board/view/?id=idolsy&no=340370&search_pos=-349984&s_type=search_subject_memo&s_keyword=.5B.EC.85.98.EB.AC.B4.EC.A7.84&page=1
빈칸,https://gall.dcinside.com//mgallery/board/view/?id=idolsy&no=340367&search_pos=-349984&s_type=search_subject_memo&s_keyword=.5B.EC.85.98.EB.AC.B4.EC.A7.84&page=1
빈칸,https://gall.dcinside.com//mgallery/board/view/?id=idolsy&no=340365&search_pos=-349984&s_type=search_subject_memo&s_keyword=.5B.EC.85.98.EB.AC.B4.EC.A7.84&page=1
빈칸,https://gall.dcinside.com//mgallery/board/view/?id=idolsy&no=339769&search_pos=-349984&s_type=search_subject_memo&s_keyword=.5B.EC.85.98.EB.AC.B4.EC.A7.84&page=3
빈칸,https://gall.dcinside.com//mgallery/board/view/?id=idolsy&no=339743&search_pos=-349984&s_type=search_subject_memo&s_keyword=.5B.EC.85.98.EB.AC.B4.EC.A7.84&page=3
빈칸,https://gall.dcinside.com//mgallery/board/view/?id=idolsy&no=339728&search_pos=-349984&s_type=search_subject_memo&s_keyword=.5B.EC.85.98.EB.AC.B4.EC.A7.84&page=3
빈칸,https://gall.dcinside.com//mgallery/board/view/?id=idolsy&no=339705&search_pos=-349984&s_type=search_subject_memo&s_keyword=.5B.EC.85.98.EB.AC.B4.EC.A7.84&page=3
빈칸,https://gall.dcinside.com//mgallery/board/view/?id=idolsy&no=339698&search_pos=-349984&s_type=search_subject_memo&s_keyword=.5B.EC.85.98.EB.AC.B4.EC.A7.84&page=3
flover0416,https://gall.dcinside.com//mgallery/board/view/?id=idolsy&no=339694&search_pos=-349984&s_type=search_subject_memo&s_keyword=.5B.EC.85.98.EB.AC.B4.EC.A7.84&page=3
빈칸,https://gall.dcinside.com//mgallery/board/view/?id=idolsy&no=339682&search_pos=-349984&s_type=search_subject_memo&s_keyword=.5B.EC.85.98.EB.AC.B4.EC.A7.84&page=3
빈칸,https://gall.dcinside.com//mgallery/board/view/?id=idolsy&no=339681&search_pos=-349984&s_type=search_subject_memo&s_keyword=.5B.EC.85.98.EB.AC.B4.EC.A7.84&page=3
빈칸,https://gall.dcinside.com//mgallery/board/view/?id=idolsy&no=339676&search_pos=-349984&s_type=search_subject_memo&s_keyword=.5B.EC.85.98.EB.AC.B4.EC.A7.84&page=3
flover0416,https://gall.dcinside.com//mgallery/board/view/?id=idolsy&no=339670&search_pos=-349984&s_type=search_subject_memo&s_keyword=.5B.EC.85.98.EB.AC.B4.EC.A7.84&page=3
빈칸,https://gall.dcinside.com//mgallery/board/view/?id=idolsy&no=339668&search_pos=-349984&s_type=search_subject_memo&s_keyword=.5B.EC.85.98.EB.AC.B4.EC.A7.84&page=3
flover0416,https://gall.dcinside.com//mgallery/board/view/?id=idolsy&no=339659&search_pos=-349984&s_type=search_subject_memo&s_keyword=.5B.EC.85.98.EB.AC.B4.EC.A7.84&page=3
픎하,https://gall.dcinside.com//mgallery/board/view/?id=idolsy&no=339630&search_pos=-349984&s_type=search_subject_memo&s_keyword=.5B.EC.85.98.EB.AC.B4.EC.A7.84&page=3
flover0416,https://gall.dcinside.com//mgallery/board/view/?id=idolsy&no=339629&search_pos=-349984&s_type=search_subject_memo&s_keyword=.5B.EC.85.98.EB.AC.B4.EC.A7.84&page=3
빈칸,https://gall.dcinside.com//mgallery/board/view/?id=idolsy&no=339523&search_pos=-349984&s_type=search_subject_memo&s_keyword=.5B.EC.85.98.EB.AC.B4.EC.A7.84&page=3
빈칸,https://gall.dcinside.com//mgallery/board/view/?id=idolsy&no=339456&search_pos=-349984&s_type=search_subject_memo&s_keyword=.5B.EC.85.98.EB.AC.B4.EC.A7.84&page=3
flover0416,https://gall.dcinside.com//mgallery/board/view/?id=idolsy&no=339420&search_pos=-349984&s_type=search_subject_memo&s_keyword=.5B.EC.85.98.EB.AC.B4.EC.A7.84&page=3
빈칸,https://gall.dcinside.com//mgallery/board/view/?id=idolsy&no=339380&search_pos=-349984&s_type=search_subject_memo&s_keyword=.5B.EC.85.98.EB.AC.B4.EC.A7.84&page=3
빈칸,https://gall.dcinside.com//mgallery/board/view/?id=idolsy&no=339316&search_pos=-349984&s_type=search_subject_memo&s_keyword=.5B.EC.85.98.EB.AC.B4.EC.A7.84&page=3
빈칸,https://gall.dcinside.com//mgallery/board/view/?id=idolsy&no=338803&search_pos=-349984&s_type=search_subject_memo&s_keyword=.5B.EC.85.98.EB.AC.B4.EC.A7.84&page=3
빈칸,https://gall.dcinside.com//mgallery/board/view/?id=idolsy&no=337217&search_pos=-349984&s_type=search_subject_memo&s_keyword=.5B.EC.85.98.EB.AC.B4.EC.A7.84&page=6
빈칸,https://gall.dcinside.com//mgallery/board/view/?id=idolsy&no=337216&search_pos=-349984&s_type=search_subject_memo&s_keyword=.5B.EC.85.98.EB.AC.B4.EC.A7.84&page=6
빈칸,https://gall.dcinside.com//mgallery/board/view/?id=idolsy&no=337068&search_pos=-349984&s_type=search_subject_memo&s_keyword=.5B.EC.85.98.EB.AC.B4.EC.A7.84&page=6
빈칸,https://gall.dcinside.com//mgallery/board/view/?id=idolsy&no=337067&search_pos=-349984&s_type=search_subject_memo&s_keyword=.5B.EC.85.98.EB.AC.B4.EC.A7.84&page=6
9_log,https://gall.dcinside.com//mgallery/board/view/?id=idolsy&no=337061&search_pos=-349984&s_type=search_subject_memo&s_keyword=.5B.EC.85.98.EB.AC.B4.EC.A7.84&page=6
빈칸,https://gall.dcinside.com//mgallery/board/view/?id=idolsy&no=336983&search_pos=-349984&s_type=search_subject_memo&s_keyword=.5B.EC.85.98.EB.AC.B4.EC.A7.84&page=6
빈칸,https://gall.dcinside.com//mgallery/board/view/?id=idolsy&no=336800&search_pos=-349984&s_type=search_subject_memo&s_keyword=.5B.EC.85.98.EB.AC.B4.EC.A7.84&page=6
빈칸,https://gall.dcinside.com//mgallery/board/view/?id=idolsy&no=336799&search_pos=-349984&s_type=search_subject_memo&s_keyword=.5B.EC.85.98.EB.AC.B4.EC.A7.84&page=6
빈칸,https://gall.dcinside.com//mgallery/board/view/?id=idolsy&no=336798&search_pos=-349984&s_type=search_subject_memo&s_keyword=.5B.EC.85.98.EB.AC.B4.EC.A7.84&page=6
빈칸,https://gall.dcinside.com//mgallery/board/view/?id=idolsy&no=336550&search_pos=-349984&s_type=search_subject_memo&s_keyword=.5B.EC.85.98.EB.AC.B4.EC.A7.84&page=6
빈칸,https://gall.dcinside.com//mgallery/board/view/?id=idolsy&no=336549&search_pos=-349984&s_type=search_subject_memo&s_keyword=.5B.EC.85.98.EB.AC.B4.EC.A7.84&page=6
빈칸,https://gall.dcinside.com//mgallery/board/view/?id=idolsy&no=336529&search_pos=-349984&s_type=search_subject_memo&s_keyword=.5B.EC.85.98.EB.AC.B4.EC.A7.84&page=6
빈칸,https://gall.dcinside.com//mgallery/board/view/?id=idolsy&no=336527&search_pos=-349984&s_type=search_subject_memo&s_keyword=.5B.EC.85.98.EB.AC.B4.EC.A7.84&page=6
빈칸,https://gall.dcinside.com//mgallery/board/view/?id=idolsy&no=336526&search_pos=-349984&s_type=search_subject_memo&s_keyword=.5B.EC.85.98.EB.AC.B4.EC.A7.84&page=6
빈칸,https://gall.dcinside.com//mgallery/board/view/?id=idolsy&no=336525&search_pos=-349984&s_type=search_subject_memo&s_keyword=.5B.EC.85.98.EB.AC.B4.EC.A7.84&page=6
9_log,https://gall.dcinside.com//mgallery/board/view/?id=idolsy&no=336518&search_pos=-349984&s_type=search_subject_memo&s_keyword=.5B.EC.85.98.EB.AC.B4.EC.A7.84&page=6
픎하,https://gall.dcinside.com//mgallery/board/view/?id=idolsy&no=336507&search_pos=-349984&s_type=search_subject_memo&s_keyword=.5B.EC.85.98.EB.AC.B4.EC.A7.84&page=6
빈칸,https://gall.dcinside.com//mgallery/board/view/?id=idolsy&no=336485&search_pos=-349984&s_type=search_subject_memo&s_keyword=.5B.EC.85.98.EB.AC.B4.EC.A7.84&page=6
빈칸,https://gall.dcinside.com//mgallery/board/view/?id=idolsy&no=336484&search_pos=-349984&s_type=search_subject_memo&s_keyword=.5B.EC.85.98.EB.AC.B4.EC.A7.84&page=6
빈칸,https://gall.dcinside.com//mgallery/board/view/?id=idolsy&no=336483&search_pos=-349984&s_type=search_subject_memo&s_keyword=.5B.EC.85.98.EB.AC.B4.EC.A7.84&page=6
